[C]#4[C--],6, 4, 0, 0, 0, 4, 1, 0, 8, 6, 0, -2, 0, 2, 1, 4, 2, 2.55, 0.0, 6.5024999999999995, 3, 2, 2, 5, 3, 15
[CH-]#4[CH-],8, 6, 0, -1, 1, 2, 1, 2, 8, 6, 0, -1, 1, 2, 1, 4, 2, 2.55, 0.34999999999999964, 12.1125, 3, 2, 2, 4, 3, 14
[CH2--]#4[C],10, 8, 0, -2, 2, 0, 1, 4, 6, 4, 0, 0, 0, 4, 1, 4, 0, 2.55, 0.6999999999999993, 17.7225, 3, 2, 2, 5, 3, 15
[CH2-]#[CH2-],9, 7, 0, -1, 2, 1, 0, 3, 9, 7, 0, -1, 2, 1, 0, 3, 3, 2.55, 0.6999999999999993, 17.7225, 3, 2, 2, 4, 3, 14
[C]#4[CH-],6, 4, 0, 0, 0, 4, 1, 0, 8, 6, 0, -1, 1, 2, 1, 4, 2, 2.55, 0.0, 6.5024999999999995, 3, 2, 2, 4, 3, 14
[CH-]#4[C],8, 6, 0, -1, 1, 2, 1, 2, 6, 4, 0, 0, 0, 4, 1, 4, 0, 2.55, 0.34999999999999964, 12.1125, 3, 2, 2, 5, 3, 15
[CH]#[CH2-],7, 5, 0, 0, 1, 3, 0, 1, 9, 7, 0, -1, 2, 1, 0, 3, 3, 2.55, 0.34999999999999964, 12.1125, 3, 2, 2, 4, 3, 14
[CH2-]#[CH],9, 7, 0, -1, 2, 1, 0, 3, 7, 5, 0, 0, 1, 3, 0, 3, 1, 2.55, 0.6999999999999993, 17.7225, 3, 2, 2, 5, 3, 15
[CH2]=[CH3-],8, 6, 0, 0, 2, 2, 1, 2, 10, 8, 0, -1, 3, 0, 1, 2, 4, 2.55, 0.6999999999999993, 17.7225, 3, 2, 2, 4, 3, 14
[C]#4[C],6, 4, 0, 0, 0, 4, 1, 0, 6, 4, 0, 0, 0, 4, 1, 4, 0, 2.55, 0.0, 6.5024999999999995, 3, 2, 3, 5, 3, 16
[C+]#[CH2-],5, 3, 0, 1, 0, 5, 0, -1, 9, 7, 0, -1, 2, 1, 0, 3, 3, 2.55, 0.0, 6.5024999999999995, 3, 2, 3, 4, 3, 15
[CH]#[CH],7, 5, 0, 0, 1, 3, 0, 1, 7, 5, 0, 0, 1, 3, 0, 3, 1, 2.55, 0.34999999999999964, 12.1125, 3, 2, 3, 5, 3, 16
[CH+]=[CH3-],6, 4, 0, 1, 1, 4, 1, 0, 10, 8, 0, -1, 3, 0, 1, 2, 4, 2.55, 0.34999999999999964, 12.1125, 3, 2, 3, 4, 3, 15
[CH2-]#[C+],9, 7, 0, -1, 2, 1, 0, 3, 5, 3, 0, 1, 0, 5, 0, 3, -1, 2.55, 0.6999999999999993, 17.7225, 3, 2, 3, 4, 3, 15
[CH2]=[CH2],8, 6, 0, 0, 2, 2, 1, 2, 8, 6, 0, 0, 2, 2, 1, 2, 2, 2.55, 0.6999999999999993, 17.7225, 3, 2, 3, 5, 3, 16
[CH2+]-[CH4-],7, 5, 0, 1, 2, 3, 0, 1, 11, 9, 0, -1, 4, -1, 0, 1, 3, 2.55, 0.6999999999999993, 17.7225, 3, 3, 3, 4, 3, 16
[CH3]-[CH3],9, 7, 0, 0, 3, 1, 0, 3, 9, 7, 0, 0, 3, 1, 0, 1, 3, 2.55, 1.049999999999999, 23.332500000000003, 3, 3, 3, 5, 0, 14
[CH2+]-[CH3],7, 5, 0, 1, 2, 3, 0, 1, 9, 7, 0, 0, 3, 1, 0, 1, 3, 2.55, 0.6999999999999993, 17.7225, 3, 3, 0, 5, 3, 14
[CH-]#4[N-],8, 6, 0, -1, 1, 2, 1, 2, 8, 6, 1, -1, 0, 2, 1, 4, 2, 2.55, -0.14000000000000057, 13.362, 3, 2, 2, 4, 3, 14
[CH2-]#[NH-],9, 7, 0, -1, 2, 1, 0, 3, 9, 7, 1, -1, 1, 1, 0, 3, 3, 2.55, 0.20999999999999908, 18.972, 3, 2, 2, 4, 3, 14
[C]#4[N-],6, 4, 0, 0, 0, 4, 1, 0, 8, 6, 1, -1, 0, 2, 1, 4, 2, 2.55, -0.4900000000000002, 7.752, 3, 2, 2, 4, 3, 14
[CH]#[NH-],7, 5, 0, 0, 1, 3, 0, 1, 9, 7, 1, -1, 1, 1, 0, 3, 3, 2.55, -0.14000000000000057, 13.362, 3, 2, 2, 4, 3, 14
[CH2-]#[N],9, 7, 0, -1, 2, 1, 0, 3, 7, 5, 1, 0, 0, 3, 0, 3, 1, 2.55, 0.20999999999999908, 18.972, 3, 2, 2, 5, 3, 15
[CH2]=[NH2-],8, 6, 0, 0, 2, 2, 1, 2, 10, 8, 1, -1, 2, 0, 1, 2, 4, 2.55, 0.20999999999999908, 18.972, 3, 2, 2, 4, 3, 14
[C+]#[NH-],5, 3, 0, 1, 0, 5, 0, -1, 9, 7, 1, -1, 1, 1, 0, 3, 3, 2.55, -0.4900000000000002, 7.752, 3, 2, 3, 4, 3, 15
[CH]#[N],7, 5, 0, 0, 1, 3, 0, 1, 7, 5, 1, 0, 0, 3, 0, 3, 1, 2.55, -0.14000000000000057, 13.362, 3, 2, 3, 5, 3, 16
[CH+]=[NH2-],6, 4, 0, 1, 1, 4, 1, 0, 10, 8, 1, -1, 2, 0, 1, 2, 4, 2.55, -0.14000000000000057, 13.362, 3, 2, 3, 4, 3, 15
[CH2]=[NH],8, 6, 0, 0, 2, 2, 1, 2, 8, 6, 1, 0, 1, 2, 1, 2, 2, 2.55, 0.20999999999999908, 18.972, 3, 2, 3, 5, 3, 16
[CH2+]-[NH3-],7, 5, 0, 1, 2, 3, 0, 1, 11, 9, 1, -1, 3, -1, 0, 1, 3, 2.55, 0.20999999999999908, 18.972, 3, 3, 3, 4, 3, 16
[CH3]-[NH2],9, 7, 0, 0, 3, 1, 0, 3, 9, 7, 1, 0, 2, 1, 0, 1, 3, 2.55, 0.5599999999999987, 24.582, 3, 3, 3, 5, 0, 14
[CH2+]-[NH2],7, 5, 0, 1, 2, 3, 0, 1, 9, 7, 1, 0, 2, 1, 0, 1, 3, 2.55, 0.20999999999999908, 18.972, 3, 3, 0, 5, 3, 14
[CH2-]#[O-],9, 7, 0, -1, 2, 1, 0, 3, 9, 7, 2, -1, 0, 1, 0, 3, 3, 2.55, -0.19000000000000083, 19.991999999999997, 3, 2, 2, 4, 3, 14
[CH]#[O-],7, 5, 0, 0, 1, 3, 0, 1, 9, 7, 2, -1, 0, 1, 0, 3, 3, 2.55, -0.5400000000000005, 14.381999999999998, 3, 2, 2, 4, 3, 14
[CH2]=[OH-],8, 6, 0, 0, 2, 2, 1, 2, 10, 8, 2, -1, 1, 0, 1, 2, 4, 2.55, -0.19000000000000083, 19.991999999999997, 3, 2, 2, 4, 3, 14
[C+]#[O-],5, 3, 0, 1, 0, 5, 0, -1, 9, 7, 2, -1, 0, 1, 0, 3, 3, 2.55, -0.8900000000000001, 8.771999999999998, 3, 2, 3, 4, 3, 15
[CH+]=[OH-],6, 4, 0, 1, 1, 4, 1, 0, 10, 8, 2, -1, 1, 0, 1, 2, 4, 2.55, -0.5400000000000005, 14.381999999999998, 3, 2, 3, 4, 3, 15
[CH2]=[O],8, 6, 0, 0, 2, 2, 1, 2, 8, 6, 2, 0, 0, 2, 1, 2, 2, 2.55, -0.19000000000000083, 19.991999999999997, 3, 2, 3, 5, 3, 16
[CH2+]-[OH2-],7, 5, 0, 1, 2, 3, 0, 1, 11, 9, 2, -1, 2, -1, 0, 1, 3, 2.55, -0.19000000000000083, 19.991999999999997, 3, 3, 3, 4, 3, 16
[CH3]-[OH],9, 7, 0, 0, 3, 1, 0, 3, 9, 7, 2, 0, 1, 1, 0, 1, 3, 2.55, 0.1599999999999988, 25.602, 3, 3, 3, 5, 0, 14
[CH2+]-[OH],7, 5, 0, 1, 2, 3, 0, 1, 9, 7, 2, 0, 1, 1, 0, 1, 3, 2.55, -0.19000000000000083, 19.991999999999997, 3, 3, 0, 5, 3, 14
[CH-]#4[P-],8, 6, 0, -1, 1, 2, 1, 2, 16, 6, 1, -1, 0, 2, 1, 4, 2, 2.55, 0.7099999999999995, 11.1945, 3, 2, 2, 4, 3, 14
[CH2-]#[PH-],9, 7, 0, -1, 2, 1, 0, 3, 17, 7, 1, -1, 1, 1, 0, 3, 3, 2.55, 1.0599999999999992, 16.8045, 3, 2, 2, 4, 3, 14
[C]#4[P-],6, 4, 0, 0, 0, 4, 1, 0, 16, 6, 1, -1, 0, 2, 1, 4, 2, 2.55, 0.3599999999999999, 5.584499999999999, 3, 2, 2, 4, 3, 14
[CH]#[PH-],7, 5, 0, 0, 1, 3, 0, 1, 17, 7, 1, -1, 1, 1, 0, 3, 3, 2.55, 0.7099999999999995, 11.1945, 3, 2, 2, 4, 3, 14
[CH2-]#[P],9, 7, 0, -1, 2, 1, 0, 3, 15, 5, 1, 0, 0, 3, 0, 3, 1, 2.55, 1.0599999999999992, 16.8045, 3, 2, 2, 5, 3, 15
[CH2]=[PH2-],8, 6, 0, 0, 2, 2, 1, 2, 18, 8, 1, -1, 2, 0, 1, 2, 4, 2.55, 1.0599999999999992, 16.8045, 3, 2, 2, 4, 3, 14
[C+]#[PH-],5, 3, 0, 1, 0, 5, 0, -1, 17, 7, 1, -1, 1, 1, 0, 3, 3, 2.55, 0.3599999999999999, 5.584499999999999, 3, 2, 3, 4, 3, 15
[CH]#[P],7, 5, 0, 0, 1, 3, 0, 1, 15, 5, 1, 0, 0, 3, 0, 3, 1, 2.55, 0.7099999999999995, 11.1945, 3, 2, 3, 5, 3, 16
[CH+]=[PH2-],6, 4, 0, 1, 1, 4, 1, 0, 18, 8, 1, -1, 2, 0, 1, 2, 4, 2.55, 0.7099999999999995, 11.1945, 3, 2, 3, 4, 3, 15
[CH2]=[PH],8, 6, 0, 0, 2, 2, 1, 2, 16, 6, 1, 0, 1, 2, 1, 2, 2, 2.55, 1.0599999999999992, 16.8045, 3, 2, 3, 5, 3, 16
[CH2+]-[PH3-],7, 5, 0, 1, 2, 3, 0, 1, 19, 9, 1, -1, 3, -1, 0, 1, 3, 2.55, 1.0599999999999992, 16.8045, 3, 3, 3, 4, 3, 16
[CH3]-[PH2],9, 7, 0, 0, 3, 1, 0, 3, 17, 7, 1, 0, 2, 1, 0, 1, 3, 2.55, 1.4099999999999988, 22.4145, 3, 3, 3, 5, 0, 14
[CH2+]-[PH2],7, 5, 0, 1, 2, 3, 0, 1, 17, 7, 1, 0, 2, 1, 0, 1, 3, 2.55, 1.0599999999999992, 16.8045, 3, 3, 0, 5, 3, 14
[CH2-]#[S-],9, 7, 0, -1, 2, 1, 0, 3, 17, 7, 2, -1, 0, 1, 0, 3, 3, 2.55, 0.669999999999999, 17.799, 3, 2, 2, 4, 3, 14
[CH]#[S-],7, 5, 0, 0, 1, 3, 0, 1, 17, 7, 2, -1, 0, 1, 0, 3, 3, 2.55, 0.3199999999999994, 12.189, 3, 2, 2, 4, 3, 14
[CH2]=[SH-],8, 6, 0, 0, 2, 2, 1, 2, 18, 8, 2, -1, 1, 0, 1, 2, 4, 2.55, 0.669999999999999, 17.799, 3, 2, 2, 4, 3, 14
[C+]#[S-],5, 3, 0, 1, 0, 5, 0, -1, 17, 7, 2, -1, 0, 1, 0, 3, 3, 2.55, -0.03000000000000025, 6.579, 3, 2, 3, 4, 3, 15
[CH+]=[SH-],6, 4, 0, 1, 1, 4, 1, 0, 18, 8, 2, -1, 1, 0, 1, 2, 4, 2.55, 0.3199999999999994, 12.189, 3, 2, 3, 4, 3, 15
[CH2]=[S],8, 6, 0, 0, 2, 2, 1, 2, 16, 6, 2, 0, 0, 2, 1, 2, 2, 2.55, 0.669999999999999, 17.799, 3, 2, 3, 5, 3, 16
[CH2+]-[SH2-],7, 5, 0, 1, 2, 3, 0, 1, 19, 9, 2, -1, 2, -1, 0, 1, 3, 2.55, 0.669999999999999, 17.799, 3, 3, 3, 4, 3, 16
[CH3]-[SH],9, 7, 0, 0, 3, 1, 0, 3, 17, 7, 2, 0, 1, 1, 0, 1, 3, 2.55, 1.0199999999999987, 23.409000000000002, 3, 3, 3, 5, 0, 14
[CH2+]-[SH],7, 5, 0, 1, 2, 3, 0, 1, 17, 7, 2, 0, 1, 1, 0, 1, 3, 2.55, 0.669999999999999, 17.799, 3, 3, 0, 5, 3, 14
[N-]#4[CH-],8, 6, 1, -1, 0, 2, 1, 2, 8, 6, 0, -1, 1, 2, 1, 4, 2, 3.04, 0.4900000000000002, 7.752, 3, 2, 2, 4, 3, 14
[NH--]#4[C],10, 8, 1, -2, 1, 0, 1, 4, 6, 4, 0, 0, 0, 4, 1, 4, 0, 3.04, 1.33, 14.440000000000001, 3, 2, 2, 5, 3, 15
[NH-]#[CH2-],9, 7, 1, -1, 1, 1, 0, 3, 9, 7, 0, -1, 2, 1, 0, 3, 3, 3.04, 1.33, 14.440000000000001, 3, 2, 2, 4, 3, 14
[NH2--]#[CH],11, 9, 1, -2, 2, -1, 0, 3, 7, 5, 0, 0, 1, 3, 0, 3, 1, 3.04, 2.17, 21.128, 3, 2, 2, 5, 3, 15
[NH2-]=[CH3-],10, 8, 1, -1, 2, 0, 1, 4, 10, 8, 0, -1, 3, 0, 1, 2, 4, 3.04, 2.17, 21.128, 3, 2, 2, 4, 3, 14
[N-]#4[C],8, 6, 1, -1, 0, 2, 1, 2, 6, 4, 0, 0, 0, 4, 1, 4, 0, 3.04, 0.4900000000000002, 7.752, 3, 2, 2, 5, 3, 15
[N]#[CH2-],7, 5, 1, 0, 0, 3, 0, 1, 9, 7, 0, -1, 2, 1, 0, 3, 3, 3.04, 0.4900000000000002, 7.752, 3, 2, 2, 4, 3, 14
[NH-]#[CH],9, 7, 1, -1, 1, 1, 0, 3, 7, 5, 0, 0, 1, 3, 0, 3, 1, 3.04, 1.33, 14.440000000000001, 3, 2, 2, 5, 3, 15
[NH]=[CH3-],8, 6, 1, 0, 1, 2, 1, 2, 10, 8, 0, -1, 3, 0, 1, 2, 4, 3.04, 1.33, 14.440000000000001, 3, 2, 2, 4, 3, 14
[NH2-]=[CH2],10, 8, 1, -1, 2, 0, 1, 4, 8, 6, 0, 0, 2, 2, 1, 2, 2, 3.04, 2.17, 21.128, 3, 2, 2, 5, 3, 15
[NH2]-[CH4-],9, 7, 1, 0, 2, 1, 0, 3, 11, 9, 0, -1, 4, -1, 0, 1, 3, 3.04, 2.17, 21.128, 3, 3, 2, 4, 3, 15
[N]#[CH],7, 5, 1, 0, 0, 3, 0, 1, 7, 5, 0, 0, 1, 3, 0, 3, 1, 3.04, 0.4900000000000002, 7.752, 3, 2, 3, 5, 3, 16
[N+]=[CH3-],6, 4, 1, 1, 0, 4, 1, 0, 10, 8, 0, -1, 3, 0, 1, 2, 4, 3.04, 0.4900000000000002, 7.752, 3, 2, 3, 4, 3, 15
[NH-]#[C+],9, 7, 1, -1, 1, 1, 0, 3, 5, 3, 0, 1, 0, 5, 0, 3, -1, 3.04, 1.33, 14.440000000000001, 3, 2, 3, 4, 3, 15
[NH]=[CH2],8, 6, 1, 0, 1, 2, 1, 2, 8, 6, 0, 0, 2, 2, 1, 2, 2, 3.04, 1.33, 14.440000000000001, 3, 2, 3, 5, 3, 16
[NH+]-[CH4-],7, 5, 1, 1, 1, 3, 0, 1, 11, 9, 0, -1, 4, -1, 0, 1, 3, 3.04, 1.33, 14.440000000000001, 3, 3, 3, 4, 3, 16
[NH2-]=[CH+],10, 8, 1, -1, 2, 0, 1, 4, 6, 4, 0, 1, 1, 4, 1, 2, 0, 3.04, 2.17, 21.128, 3, 2, 3, 4, 3, 15
[NH2]-[CH3],9, 7, 1, 0, 2, 1, 0, 3, 9, 7, 0, 0, 3, 1, 0, 1, 3, 3.04, 2.17, 21.128, 3, 3, 3, 5, 3, 17
[NH+]-[CH3],7, 5, 1, 1, 1, 3, 0, 1, 9, 7, 0, 0, 3, 1, 0, 1, 3, 3.04, 1.33, 14.440000000000001, 3, 3, 0, 5, 3, 14
[N-]#4[N-],8, 6, 1, -1, 0, 2, 1, 2, 8, 6, 1, -1, 0, 2, 1, 4, 2, 3.04, 0.0, 9.2416, 3, 2, 2, 4, 3, 14
[NH-]#[NH-],9, 7, 1, -1, 1, 1, 0, 3, 9, 7, 1, -1, 1, 1, 0, 3, 3, 3.04, 0.8399999999999999, 15.9296, 3, 2, 2, 4, 3, 14
[NH2--]#[N],11, 9, 1, -2, 2, -1, 0, 3, 7, 5, 1, 0, 0, 3, 0, 3, 1, 3.04, 1.6799999999999997, 22.617600000000003, 3, 2, 2, 5, 3, 15
[NH2-]=[NH2-],10, 8, 1, -1, 2, 0, 1, 4, 10, 8, 1, -1, 2, 0, 1, 2, 4, 3.04, 1.6799999999999997, 22.617600000000003, 3, 2, 2, 4, 3, 14
[NH2]-[NH4--],9, 7, 1, 0, 2, 1, 0, 3, 13, 11, 1, -2, 4, -3, 0, 1, 1, 3.04, 1.6799999999999997, 22.617600000000003, 3, 3, 2, 3, 3, 14
[N]#[NH-],7, 5, 1, 0, 0, 3, 0, 1, 9, 7, 1, -1, 1, 1, 0, 3, 3, 3.04, 0.0, 9.2416, 3, 2, 2, 4, 3, 14
[NH-]#[N],9, 7, 1, -1, 1, 1, 0, 3, 7, 5, 1, 0, 0, 3, 0, 3, 1, 3.04, 0.8399999999999999, 15.9296, 3, 2, 2, 5, 3, 15
[NH]=[NH2-],8, 6, 1, 0, 1, 2, 1, 2, 10, 8, 1, -1, 2, 0, 1, 2, 4, 3.04, 0.8399999999999999, 15.9296, 3, 2, 2, 4, 3, 14
[NH2-]=[NH],10, 8, 1, -1, 2, 0, 1, 4, 8, 6, 1, 0, 1, 2, 1, 2, 2, 3.04, 1.6799999999999997, 22.617600000000003, 3, 2, 2, 5, 3, 15
[NH2]-[NH3-],9, 7, 1, 0, 2, 1, 0, 3, 11, 9, 1, -1, 3, -1, 0, 1, 3, 3.04, 1.6799999999999997, 22.617600000000003, 3, 3, 2, 4, 3, 15
[N]#[N],7, 5, 1, 0, 0, 3, 0, 1, 7, 5, 1, 0, 0, 3, 0, 3, 1, 3.04, 0.0, 9.2416, 3, 2, 3, 5, 3, 16
[N+]=[NH2-],6, 4, 1, 1, 0, 4, 1, 0, 10, 8, 1, -1, 2, 0, 1, 2, 4, 3.04, 0.0, 9.2416, 3, 2, 3, 4, 3, 15
[NH]=[NH],8, 6, 1, 0, 1, 2, 1, 2, 8, 6, 1, 0, 1, 2, 1, 2, 2, 3.04, 0.8399999999999999, 15.9296, 3, 2, 3, 5, 3, 16
[NH+]-[NH3-],7, 5, 1, 1, 1, 3, 0, 1, 11, 9, 1, -1, 3, -1, 0, 1, 3, 3.04, 0.8399999999999999, 15.9296, 3, 3, 3, 4, 3, 16
[NH2-]=[N+],10, 8, 1, -1, 2, 0, 1, 4, 6, 4, 1, 1, 0, 4, 1, 2, 0, 3.04, 1.6799999999999997, 22.617600000000003, 3, 2, 3, 4, 3, 15
[NH2]-[NH2],9, 7, 1, 0, 2, 1, 0, 3, 9, 7, 1, 0, 2, 1, 0, 1, 3, 3.04, 1.6799999999999997, 22.617600000000003, 3, 3, 3, 5, 3, 17
[NH+]-[NH2],7, 5, 1, 1, 1, 3, 0, 1, 9, 7, 1, 0, 2, 1, 0, 1, 3, 3.04, 0.8399999999999999, 15.9296, 3, 3, 0, 5, 3, 14
[NH-]#[O-],9, 7, 1, -1, 1, 1, 0, 3, 9, 7, 2, -1, 0, 1, 0, 3, 3, 3.04, 0.43999999999999995, 17.1456, 3, 2, 2, 4, 3, 14
[NH2-]=[OH-],10, 8, 1, -1, 2, 0, 1, 4, 10, 8, 2, -1, 1, 0, 1, 2, 4, 3.04, 1.2799999999999998, 23.8336, 3, 2, 2, 4, 3, 14
[NH2]-[OH3--],9, 7, 1, 0, 2, 1, 0, 3, 13, 11, 2, -2, 3, -3, 0, 1, 1, 3.04, 1.2799999999999998, 23.8336, 3, 3, 2, 3, 3, 14
[N]#[O-],7, 5, 1, 0, 0, 3, 0, 1, 9, 7, 2, -1, 0, 1, 0, 3, 3, 3.04, -0.3999999999999999, 10.4576, 3, 2, 2, 4, 3, 14
[NH]=[OH-],8, 6, 1, 0, 1, 2, 1, 2, 10, 8, 2, -1, 1, 0, 1, 2, 4, 3.04, 0.43999999999999995, 17.1456, 3, 2, 2, 4, 3, 14
[NH2-]=[O],10, 8, 1, -1, 2, 0, 1, 4, 8, 6, 2, 0, 0, 2, 1, 2, 2, 3.04, 1.2799999999999998, 23.8336, 3, 2, 2, 5, 3, 15
[NH2]-[OH2-],9, 7, 1, 0, 2, 1, 0, 3, 11, 9, 2, -1, 2, -1, 0, 1, 3, 3.04, 1.2799999999999998, 23.8336, 3, 3, 2, 4, 3, 15
[N+]=[OH-],6, 4, 1, 1, 0, 4, 1, 0, 10, 8, 2, -1, 1, 0, 1, 2, 4, 3.04, -0.3999999999999999, 10.4576, 3, 2, 3, 4, 3, 15
[NH]=[O],8, 6, 1, 0, 1, 2, 1, 2, 8, 6, 2, 0, 0, 2, 1, 2, 2, 3.04, 0.43999999999999995, 17.1456, 3, 2, 3, 5, 3, 16
[NH+]-[OH2-],7, 5, 1, 1, 1, 3, 0, 1, 11, 9, 2, -1, 2, -1, 0, 1, 3, 3.04, 0.43999999999999995, 17.1456, 3, 3, 3, 4, 3, 16
[NH2]-[OH],9, 7, 1, 0, 2, 1, 0, 3, 9, 7, 2, 0, 1, 1, 0, 1, 3, 3.04, 1.2799999999999998, 23.8336, 3, 3, 3, 5, 3, 17
[NH+]-[OH],7, 5, 1, 1, 1, 3, 0, 1, 9, 7, 2, 0, 1, 1, 0, 1, 3, 3.04, 0.43999999999999995, 17.1456, 3, 3, 0, 5, 3, 14
[N-]#4[P-],8, 6, 1, -1, 0, 2, 1, 2, 16, 6, 1, -1, 0, 2, 1, 4, 2, 3.04, 0.8500000000000001, 6.6575999999999995, 3, 2, 2, 4, 3, 14
[NH-]#[PH-],9, 7, 1, -1, 1, 1, 0, 3, 17, 7, 1, -1, 1, 1, 0, 3, 3, 3.04, 1.69, 13.345600000000001, 3, 2, 2, 4, 3, 14
[NH2--]#[P],11, 9, 1, -2, 2, -1, 0, 3, 15, 5, 1, 0, 0, 3, 0, 3, 1, 3.04, 2.53, 20.0336, 3, 2, 2, 5, 3, 15
[NH2-]=[PH2-],10, 8, 1, -1, 2, 0, 1, 4, 18, 8, 1, -1, 2, 0, 1, 2, 4, 3.04, 2.53, 20.0336, 3, 2, 2, 4, 3, 14
[NH2]-[PH4--],9, 7, 1, 0, 2, 1, 0, 3, 21, 11, 1, -2, 4, -3, 0, 1, 1, 3.04, 2.53, 20.0336, 3, 3, 2, 3, 3, 14
[N]#[PH-],7, 5, 1, 0, 0, 3, 0, 1, 17, 7, 1, -1, 1, 1, 0, 3, 3, 3.04, 0.8500000000000001, 6.6575999999999995, 3, 2, 2, 4, 3, 14
[NH-]#[P],9, 7, 1, -1, 1, 1, 0, 3, 15, 5, 1, 0, 0, 3, 0, 3, 1, 3.04, 1.69, 13.345600000000001, 3, 2, 2, 5, 3, 15
[NH]=[PH2-],8, 6, 1, 0, 1, 2, 1, 2, 18, 8, 1, -1, 2, 0, 1, 2, 4, 3.04, 1.69, 13.345600000000001, 3, 2, 2, 4, 3, 14
[NH2-]=[PH],10, 8, 1, -1, 2, 0, 1, 4, 16, 6, 1, 0, 1, 2, 1, 2, 2, 3.04, 2.53, 20.0336, 3, 2, 2, 5, 3, 15
[NH2]-[PH3-],9, 7, 1, 0, 2, 1, 0, 3, 19, 9, 1, -1, 3, -1, 0, 1, 3, 3.04, 2.53, 20.0336, 3, 3, 2, 4, 3, 15
[N]#[P],7, 5, 1, 0, 0, 3, 0, 1, 15, 5, 1, 0, 0, 3, 0, 3, 1, 3.04, 0.8500000000000001, 6.6575999999999995, 3, 2, 3, 5, 3, 16
[N+]=[PH2-],6, 4, 1, 1, 0, 4, 1, 0, 18, 8, 1, -1, 2, 0, 1, 2, 4, 3.04, 0.8500000000000001, 6.6575999999999995, 3, 2, 3, 4, 3, 15
[NH]=[PH],8, 6, 1, 0, 1, 2, 1, 2, 16, 6, 1, 0, 1, 2, 1, 2, 2, 3.04, 1.69, 13.345600000000001, 3, 2, 3, 5, 3, 16
[NH+]-[PH3-],7, 5, 1, 1, 1, 3, 0, 1, 19, 9, 1, -1, 3, -1, 0, 1, 3, 3.04, 1.69, 13.345600000000001, 3, 3, 3, 4, 3, 16
[NH2-]=[P+],10, 8, 1, -1, 2, 0, 1, 4, 14, 4, 1, 1, 0, 4, 1, 2, 0, 3.04, 2.53, 20.0336, 3, 2, 3, 4, 3, 15
[NH2]-[PH2],9, 7, 1, 0, 2, 1, 0, 3, 17, 7, 1, 0, 2, 1, 0, 1, 3, 3.04, 2.53, 20.0336, 3, 3, 3, 5, 3, 17
[NH+]-[PH2],7, 5, 1, 1, 1, 3, 0, 1, 17, 7, 1, 0, 2, 1, 0, 1, 3, 3.04, 1.69, 13.345600000000001, 3, 3, 0, 5, 3, 14
[NH-]#[S-],9, 7, 1, -1, 1, 1, 0, 3, 17, 7, 2, -1, 0, 1, 0, 3, 3, 3.04, 1.2999999999999998, 14.531200000000002, 3, 2, 2, 4, 3, 14
[NH2-]=[SH-],10, 8, 1, -1, 2, 0, 1, 4, 18, 8, 2, -1, 1, 0, 1, 2, 4, 3.04, 2.1399999999999997, 21.2192, 3, 2, 2, 4, 3, 14
[NH2]-[SH3--],9, 7, 1, 0, 2, 1, 0, 3, 21, 11, 2, -2, 3, -3, 0, 1, 1, 3.04, 2.1399999999999997, 21.2192, 3, 3, 2, 3, 3, 14
[N]#[S-],7, 5, 1, 0, 0, 3, 0, 1, 17, 7, 2, -1, 0, 1, 0, 3, 3, 3.04, 0.45999999999999996, 7.8432, 3, 2, 2, 4, 3, 14
[NH]=[SH-],8, 6, 1, 0, 1, 2, 1, 2, 18, 8, 2, -1, 1, 0, 1, 2, 4, 3.04, 1.2999999999999998, 14.531200000000002, 3, 2, 2, 4, 3, 14
[NH2-]=[S],10, 8, 1, -1, 2, 0, 1, 4, 16, 6, 2, 0, 0, 2, 1, 2, 2, 3.04, 2.1399999999999997, 21.2192, 3, 2, 2, 5, 3, 15
[NH2]-[SH2-],9, 7, 1, 0, 2, 1, 0, 3, 19, 9, 2, -1, 2, -1, 0, 1, 3, 3.04, 2.1399999999999997, 21.2192, 3, 3, 2, 4, 3, 15
[N+]=[SH-],6, 4, 1, 1, 0, 4, 1, 0, 18, 8, 2, -1, 1, 0, 1, 2, 4, 3.04, 0.45999999999999996, 7.8432, 3, 2, 3, 4, 3, 15
[NH]=[S],8, 6, 1, 0, 1, 2, 1, 2, 16, 6, 2, 0, 0, 2, 1, 2, 2, 3.04, 1.2999999999999998, 14.531200000000002, 3, 2, 3, 5, 3, 16
[NH+]-[SH2-],7, 5, 1, 1, 1, 3, 0, 1, 19, 9, 2, -1, 2, -1, 0, 1, 3, 3.04, 1.2999999999999998, 14.531200000000002, 3, 3, 3, 4, 3, 16
[NH2]-[SH],9, 7, 1, 0, 2, 1, 0, 3, 17, 7, 2, 0, 1, 1, 0, 1, 3, 3.04, 2.1399999999999997, 21.2192, 3, 3, 3, 5, 3, 17
[NH+]-[SH],7, 5, 1, 1, 1, 3, 0, 1, 17, 7, 2, 0, 1, 1, 0, 1, 3, 3.04, 1.2999999999999998, 14.531200000000002, 3, 3, 0, 5, 3, 14
[O--]#4[C],10, 8, 2, -2, 0, 0, 1, 4, 6, 4, 0, 0, 0, 4, 1, 4, 0, 3.44, 0.8900000000000001, 8.771999999999998, 3, 2, 2, 5, 3, 15
[O-]#[CH2-],9, 7, 2, -1, 0, 1, 0, 3, 9, 7, 0, -1, 2, 1, 0, 3, 3, 3.44, 0.8900000000000001, 8.771999999999998, 3, 2, 2, 4, 3, 14
[OH--]#[CH],11, 9, 2, -2, 1, -1, 0, 3, 7, 5, 0, 0, 1, 3, 0, 3, 1, 3.44, 2.13, 16.34, 3, 2, 2, 5, 3, 15
[OH-]=[CH3-],10, 8, 2, -1, 1, 0, 1, 4, 10, 8, 0, -1, 3, 0, 1, 2, 4, 3.44, 2.13, 16.34, 3, 2, 2, 4, 3, 14
[OH2--]=[CH2],12, 10, 2, -2, 2, -2, 1, 2, 8, 6, 0, 0, 2, 2, 1, 2, 2, 3.44, 3.3699999999999997, 23.908, 3, 2, 2, 5, 3, 15
[OH2-]-[CH4-],11, 9, 2, -1, 2, -1, 0, 3, 11, 9, 0, -1, 4, -1, 0, 1, 3, 3.44, 3.3699999999999997, 23.908, 3, 3, 2, 4, 3, 15
[O-]#[CH],9, 7, 2, -1, 0, 1, 0, 3, 7, 5, 0, 0, 1, 3, 0, 3, 1, 3.44, 0.8900000000000001, 8.771999999999998, 3, 2, 2, 5, 3, 15
[O]=[CH3-],8, 6, 2, 0, 0, 2, 1, 2, 10, 8, 0, -1, 3, 0, 1, 2, 4, 3.44, 0.8900000000000001, 8.771999999999998, 3, 2, 2, 4, 3, 14
[OH-]=[CH2],10, 8, 2, -1, 1, 0, 1, 4, 8, 6, 0, 0, 2, 2, 1, 2, 2, 3.44, 2.13, 16.34, 3, 2, 2, 5, 3, 15
[OH]-[CH4-],9, 7, 2, 0, 1, 1, 0, 3, 11, 9, 0, -1, 4, -1, 0, 1, 3, 3.44, 2.13, 16.34, 3, 3, 2, 4, 3, 15
[OH2-]-[CH3],11, 9, 2, -1, 2, -1, 0, 3, 9, 7, 0, 0, 3, 1, 0, 1, 3, 3.44, 3.3699999999999997, 23.908, 3, 3, 2, 5, 3, 16
[O-]#[C+],9, 7, 2, -1, 0, 1, 0, 3, 5, 3, 0, 1, 0, 5, 0, 3, -1, 3.44, 0.8900000000000001, 8.771999999999998, 3, 2, 3, 4, 3, 15
[O]=[CH2],8, 6, 2, 0, 0, 2, 1, 2, 8, 6, 0, 0, 2, 2, 1, 2, 2, 3.44, 0.8900000000000001, 8.771999999999998, 3, 2, 3, 5, 3, 16
[O+]-[CH4-],7, 5, 2, 1, 0, 3, 0, 1, 11, 9, 0, -1, 4, -1, 0, 1, 3, 3.44, 0.8900000000000001, 8.771999999999998, 3, 3, 3, 4, 3, 16
[OH-]=[CH+],10, 8, 2, -1, 1, 0, 1, 4, 6, 4, 0, 1, 1, 4, 1, 2, 0, 3.44, 2.13, 16.34, 3, 2, 3, 4, 3, 15
[OH]-[CH3],9, 7, 2, 0, 1, 1, 0, 3, 9, 7, 0, 0, 3, 1, 0, 1, 3, 3.44, 2.13, 16.34, 3, 3, 3, 5, 3, 17
[OH2-]-[CH2+],11, 9, 2, -1, 2, -1, 0, 3, 7, 5, 0, 1, 2, 3, 0, 1, 1, 3.44, 3.3699999999999997, 23.908, 3, 3, 3, 4, 3, 16
[O+]-[CH3],7, 5, 2, 1, 0, 3, 0, 1, 9, 7, 0, 0, 3, 1, 0, 1, 3, 3.44, 0.8900000000000001, 8.771999999999998, 3, 3, 0, 5, 3, 14
[O-]#[NH-],9, 7, 2, -1, 0, 1, 0, 3, 9, 7, 1, -1, 1, 1, 0, 3, 3, 3.44, 0.3999999999999999, 10.4576, 3, 2, 2, 4, 3, 14
[OH--]#[N],11, 9, 2, -2, 1, -1, 0, 3, 7, 5, 1, 0, 0, 3, 0, 3, 1, 3.44, 1.6399999999999997, 18.0256, 3, 2, 2, 5, 3, 15
[OH-]=[NH2-],10, 8, 2, -1, 1, 0, 1, 4, 10, 8, 1, -1, 2, 0, 1, 2, 4, 3.44, 1.6399999999999997, 18.0256, 3, 2, 2, 4, 3, 14
[OH]-[NH4--],9, 7, 2, 0, 1, 1, 0, 3, 13, 11, 1, -2, 4, -3, 0, 1, 1, 3.44, 1.6399999999999997, 18.0256, 3, 3, 2, 3, 3, 14
[OH2--]=[NH],12, 10, 2, -2, 2, -2, 1, 2, 8, 6, 1, 0, 1, 2, 1, 2, 2, 3.44, 2.8799999999999994, 25.593600000000002, 3, 2, 2, 5, 3, 15
[OH2-]-[NH3-],11, 9, 2, -1, 2, -1, 0, 3, 11, 9, 1, -1, 3, -1, 0, 1, 3, 3.44, 2.8799999999999994, 25.593600000000002, 3, 3, 2, 4, 3, 15
[O-]#[N],9, 7, 2, -1, 0, 1, 0, 3, 7, 5, 1, 0, 0, 3, 0, 3, 1, 3.44, 0.3999999999999999, 10.4576, 3, 2, 2, 5, 3, 15
[O]=[NH2-],8, 6, 2, 0, 0, 2, 1, 2, 10, 8, 1, -1, 2, 0, 1, 2, 4, 3.44, 0.3999999999999999, 10.4576, 3, 2, 2, 4, 3, 14
[OH-]=[NH],10, 8, 2, -1, 1, 0, 1, 4, 8, 6, 1, 0, 1, 2, 1, 2, 2, 3.44, 1.6399999999999997, 18.0256, 3, 2, 2, 5, 3, 15
[OH]-[NH3-],9, 7, 2, 0, 1, 1, 0, 3, 11, 9, 1, -1, 3, -1, 0, 1, 3, 3.44, 1.6399999999999997, 18.0256, 3, 3, 2, 4, 3, 15
[OH2-]-[NH2],11, 9, 2, -1, 2, -1, 0, 3, 9, 7, 1, 0, 2, 1, 0, 1, 3, 3.44, 2.8799999999999994, 25.593600000000002, 3, 3, 2, 5, 3, 16
[O]=[NH],8, 6, 2, 0, 0, 2, 1, 2, 8, 6, 1, 0, 1, 2, 1, 2, 2, 3.44, 0.3999999999999999, 10.4576, 3, 2, 3, 5, 3, 16
[O+]-[NH3-],7, 5, 2, 1, 0, 3, 0, 1, 11, 9, 1, -1, 3, -1, 0, 1, 3, 3.44, 0.3999999999999999, 10.4576, 3, 3, 3, 4, 3, 16
[OH-]=[N+],10, 8, 2, -1, 1, 0, 1, 4, 6, 4, 1, 1, 0, 4, 1, 2, 0, 3.44, 1.6399999999999997, 18.0256, 3, 2, 3, 4, 3, 15
[OH]-[NH2],9, 7, 2, 0, 1, 1, 0, 3, 9, 7, 1, 0, 2, 1, 0, 1, 3, 3.44, 1.6399999999999997, 18.0256, 3, 3, 3, 5, 3, 17
[OH2-]-[NH+],11, 9, 2, -1, 2, -1, 0, 3, 7, 5, 1, 1, 1, 3, 0, 1, 1, 3.44, 2.8799999999999994, 25.593600000000002, 3, 3, 3, 4, 3, 16
[O+]-[NH2],7, 5, 2, 1, 0, 3, 0, 1, 9, 7, 1, 0, 2, 1, 0, 1, 3, 3.44, 0.3999999999999999, 10.4576, 3, 3, 0, 5, 3, 14
[O-]#[O-],9, 7, 2, -1, 0, 1, 0, 3, 9, 7, 2, -1, 0, 1, 0, 3, 3, 3.44, 0.0, 11.833599999999999, 3, 2, 2, 4, 3, 14
[OH-]=[OH-],10, 8, 2, -1, 1, 0, 1, 4, 10, 8, 2, -1, 1, 0, 1, 2, 4, 3.44, 1.2399999999999998, 19.4016, 3, 2, 2, 4, 3, 14
[OH]-[OH3--],9, 7, 2, 0, 1, 1, 0, 3, 13, 11, 2, -2, 3, -3, 0, 1, 1, 3.44, 1.2399999999999998, 19.4016, 3, 3, 2, 3, 3, 14
[OH2--]=[O],12, 10, 2, -2, 2, -2, 1, 2, 8, 6, 2, 0, 0, 2, 1, 2, 2, 3.44, 2.4799999999999995, 26.9696, 3, 2, 2, 5, 3, 15
[OH2-]-[OH2-],11, 9, 2, -1, 2, -1, 0, 3, 11, 9, 2, -1, 2, -1, 0, 1, 3, 3.44, 2.4799999999999995, 26.9696, 3, 3, 2, 4, 3, 15
[O]=[OH-],8, 6, 2, 0, 0, 2, 1, 2, 10, 8, 2, -1, 1, 0, 1, 2, 4, 3.44, 0.0, 11.833599999999999, 3, 2, 2, 4, 3, 14
[OH-]=[O],10, 8, 2, -1, 1, 0, 1, 4, 8, 6, 2, 0, 0, 2, 1, 2, 2, 3.44, 1.2399999999999998, 19.4016, 3, 2, 2, 5, 3, 15
[OH]-[OH2-],9, 7, 2, 0, 1, 1, 0, 3, 11, 9, 2, -1, 2, -1, 0, 1, 3, 3.44, 1.2399999999999998, 19.4016, 3, 3, 2, 4, 3, 15
[OH2-]-[OH],11, 9, 2, -1, 2, -1, 0, 3, 9, 7, 2, 0, 1, 1, 0, 1, 3, 3.44, 2.4799999999999995, 26.9696, 3, 3, 2, 5, 3, 16
[O]=[O],8, 6, 2, 0, 0, 2, 1, 2, 8, 6, 2, 0, 0, 2, 1, 2, 2, 3.44, 0.0, 11.833599999999999, 3, 2, 3, 5, 3, 16
[O+]-[OH2-],7, 5, 2, 1, 0, 3, 0, 1, 11, 9, 2, -1, 2, -1, 0, 1, 3, 3.44, 0.0, 11.833599999999999, 3, 3, 3, 4, 3, 16
[OH]-[OH],9, 7, 2, 0, 1, 1, 0, 3, 9, 7, 2, 0, 1, 1, 0, 1, 3, 3.44, 1.2399999999999998, 19.4016, 3, 3, 3, 5, 3, 17
[OH2-]-[O+],11, 9, 2, -1, 2, -1, 0, 3, 7, 5, 2, 1, 0, 3, 0, 1, 1, 3.44, 2.4799999999999995, 26.9696, 3, 3, 3, 4, 3, 16
[O+]-[OH],7, 5, 2, 1, 0, 3, 0, 1, 9, 7, 2, 0, 1, 1, 0, 1, 3, 3.44, 0.0, 11.833599999999999, 3, 3, 0, 5, 3, 14
[O-]#[PH-],9, 7, 2, -1, 0, 1, 0, 3, 17, 7, 1, -1, 1, 1, 0, 3, 3, 3.44, 1.25, 7.5336, 3, 2, 2, 4, 3, 14
[OH--]#[P],11, 9, 2, -2, 1, -1, 0, 3, 15, 5, 1, 0, 0, 3, 0, 3, 1, 3.44, 2.4899999999999998, 15.101600000000001, 3, 2, 2, 5, 3, 15
[OH-]=[PH2-],10, 8, 2, -1, 1, 0, 1, 4, 18, 8, 1, -1, 2, 0, 1, 2, 4, 3.44, 2.4899999999999998, 15.101600000000001, 3, 2, 2, 4, 3, 14
[OH]-[PH4--],9, 7, 2, 0, 1, 1, 0, 3, 21, 11, 1, -2, 4, -3, 0, 1, 1, 3.44, 2.4899999999999998, 15.101600000000001, 3, 3, 2, 3, 3, 14
[OH2--]=[PH],12, 10, 2, -2, 2, -2, 1, 2, 16, 6, 1, 0, 1, 2, 1, 2, 2, 3.44, 3.7299999999999995, 22.669600000000003, 3, 2, 2, 5, 3, 15
[OH2-]-[PH3-],11, 9, 2, -1, 2, -1, 0, 3, 19, 9, 1, -1, 3, -1, 0, 1, 3, 3.44, 3.7299999999999995, 22.669600000000003, 3, 3, 2, 4, 3, 15
[O-]#[P],9, 7, 2, -1, 0, 1, 0, 3, 15, 5, 1, 0, 0, 3, 0, 3, 1, 3.44, 1.25, 7.5336, 3, 2, 2, 5, 3, 15
[O]=[PH2-],8, 6, 2, 0, 0, 2, 1, 2, 18, 8, 1, -1, 2, 0, 1, 2, 4, 3.44, 1.25, 7.5336, 3, 2, 2, 4, 3, 14
[OH-]=[PH],10, 8, 2, -1, 1, 0, 1, 4, 16, 6, 1, 0, 1, 2, 1, 2, 2, 3.44, 2.4899999999999998, 15.101600000000001, 3, 2, 2, 5, 3, 15
[OH]-[PH3-],9, 7, 2, 0, 1, 1, 0, 3, 19, 9, 1, -1, 3, -1, 0, 1, 3, 3.44, 2.4899999999999998, 15.101600000000001, 3, 3, 2, 4, 3, 15
[OH2-]-[PH2],11, 9, 2, -1, 2, -1, 0, 3, 17, 7, 1, 0, 2, 1, 0, 1, 3, 3.44, 3.7299999999999995, 22.669600000000003, 3, 3, 2, 5, 3, 16
[O]=[PH],8, 6, 2, 0, 0, 2, 1, 2, 16, 6, 1, 0, 1, 2, 1, 2, 2, 3.44, 1.25, 7.5336, 3, 2, 3, 5, 3, 16
[O+]-[PH3-],7, 5, 2, 1, 0, 3, 0, 1, 19, 9, 1, -1, 3, -1, 0, 1, 3, 3.44, 1.25, 7.5336, 3, 3, 3, 4, 3, 16
[OH-]=[P+],10, 8, 2, -1, 1, 0, 1, 4, 14, 4, 1, 1, 0, 4, 1, 2, 0, 3.44, 2.4899999999999998, 15.101600000000001, 3, 2, 3, 4, 3, 15
[OH]-[PH2],9, 7, 2, 0, 1, 1, 0, 3, 17, 7, 1, 0, 2, 1, 0, 1, 3, 3.44, 2.4899999999999998, 15.101600000000001, 3, 3, 3, 5, 3, 17
[OH2-]-[PH+],11, 9, 2, -1, 2, -1, 0, 3, 15, 5, 1, 1, 1, 3, 0, 1, 1, 3.44, 3.7299999999999995, 22.669600000000003, 3, 3, 3, 4, 3, 16
[O+]-[PH2],7, 5, 2, 1, 0, 3, 0, 1, 17, 7, 1, 0, 2, 1, 0, 1, 3, 3.44, 1.25, 7.5336, 3, 3, 0, 5, 3, 14
[O-]#[S-],9, 7, 2, -1, 0, 1, 0, 3, 17, 7, 2, -1, 0, 1, 0, 3, 3, 3.44, 0.8599999999999999, 8.8752, 3, 2, 2, 4, 3, 14
[OH-]=[SH-],10, 8, 2, -1, 1, 0, 1, 4, 18, 8, 2, -1, 1, 0, 1, 2, 4, 3.44, 2.0999999999999996, 16.4432, 3, 2, 2, 4, 3, 14
[OH]-[SH3--],9, 7, 2, 0, 1, 1, 0, 3, 21, 11, 2, -2, 3, -3, 0, 1, 1, 3.44, 2.0999999999999996, 16.4432, 3, 3, 2, 3, 3, 14
[OH2--]=[S],12, 10, 2, -2, 2, -2, 1, 2, 16, 6, 2, 0, 0, 2, 1, 2, 2, 3.44, 3.3399999999999994, 24.011200000000002, 3, 2, 2, 5, 3, 15
[OH2-]-[SH2-],11, 9, 2, -1, 2, -1, 0, 3, 19, 9, 2, -1, 2, -1, 0, 1, 3, 3.44, 3.3399999999999994, 24.011200000000002, 3, 3, 2, 4, 3, 15
[O]=[SH-],8, 6, 2, 0, 0, 2, 1, 2, 18, 8, 2, -1, 1, 0, 1, 2, 4, 3.44, 0.8599999999999999, 8.8752, 3, 2, 2, 4, 3, 14
[OH-]=[S],10, 8, 2, -1, 1, 0, 1, 4, 16, 6, 2, 0, 0, 2, 1, 2, 2, 3.44, 2.0999999999999996, 16.4432, 3, 2, 2, 5, 3, 15
[OH]-[SH2-],9, 7, 2, 0, 1, 1, 0, 3, 19, 9, 2, -1, 2, -1, 0, 1, 3, 3.44, 2.0999999999999996, 16.4432, 3, 3, 2, 4, 3, 15
[OH2-]-[SH],11, 9, 2, -1, 2, -1, 0, 3, 17, 7, 2, 0, 1, 1, 0, 1, 3, 3.44, 3.3399999999999994, 24.011200000000002, 3, 3, 2, 5, 3, 16
[O]=[S],8, 6, 2, 0, 0, 2, 1, 2, 16, 6, 2, 0, 0, 2, 1, 2, 2, 3.44, 0.8599999999999999, 8.8752, 3, 2, 3, 5, 3, 16
[O+]-[SH2-],7, 5, 2, 1, 0, 3, 0, 1, 19, 9, 2, -1, 2, -1, 0, 1, 3, 3.44, 0.8599999999999999, 8.8752, 3, 3, 3, 4, 3, 16
[OH]-[SH],9, 7, 2, 0, 1, 1, 0, 3, 17, 7, 2, 0, 1, 1, 0, 1, 3, 3.44, 2.0999999999999996, 16.4432, 3, 3, 3, 5, 3, 17
[OH2-]-[S+],11, 9, 2, -1, 2, -1, 0, 3, 15, 5, 2, 1, 0, 3, 0, 1, 1, 3.44, 3.3399999999999994, 24.011200000000002, 3, 3, 3, 4, 3, 16
[O+]-[SH],7, 5, 2, 1, 0, 3, 0, 1, 17, 7, 2, 0, 1, 1, 0, 1, 3, 3.44, 0.8599999999999999, 8.8752, 3, 3, 0, 5, 3, 14
[P-]#4[CH-],16, 6, 1, -1, 0, 2, 1, 2, 8, 6, 0, -1, 1, 2, 1, 4, 2, 2.19, -0.3599999999999999, 5.584499999999999, 3, 2, 2, 4, 3, 14
[PH--]#4[C],18, 8, 1, -2, 1, 0, 1, 4, 6, 4, 0, 0, 0, 4, 1, 4, 0, 2.19, -0.3700000000000001, 10.4025, 3, 2, 2, 5, 3, 15
[PH-]#[CH2-],17, 7, 1, -1, 1, 1, 0, 3, 9, 7, 0, -1, 2, 1, 0, 3, 3, 2.19, -0.3700000000000001, 10.4025, 3, 2, 2, 4, 3, 14
[PH2--]#[CH],19, 9, 1, -2, 2, -1, 0, 3, 7, 5, 0, 0, 1, 3, 0, 3, 1, 2.19, -0.38000000000000034, 15.220500000000001, 3, 2, 2, 5, 3, 15
[PH2-]=[CH3-],18, 8, 1, -1, 2, 0, 1, 4, 10, 8, 0, -1, 3, 0, 1, 2, 4, 2.19, -0.38000000000000034, 15.220500000000001, 3, 2, 2, 4, 3, 14
[P-]#4[C],16, 6, 1, -1, 0, 2, 1, 2, 6, 4, 0, 0, 0, 4, 1, 4, 0, 2.19, -0.3599999999999999, 5.584499999999999, 3, 2, 2, 5, 3, 15
[P]#[CH2-],15, 5, 1, 0, 0, 3, 0, 1, 9, 7, 0, -1, 2, 1, 0, 3, 3, 2.19, -0.3599999999999999, 5.584499999999999, 3, 2, 2, 4, 3, 14
[PH-]#[CH],17, 7, 1, -1, 1, 1, 0, 3, 7, 5, 0, 0, 1, 3, 0, 3, 1, 2.19, -0.3700000000000001, 10.4025, 3, 2, 2, 5, 3, 15
[PH]=[CH3-],16, 6, 1, 0, 1, 2, 1, 2, 10, 8, 0, -1, 3, 0, 1, 2, 4, 2.19, -0.3700000000000001, 10.4025, 3, 2, 2, 4, 3, 14
[PH2-]=[CH2],18, 8, 1, -1, 2, 0, 1, 4, 8, 6, 0, 0, 2, 2, 1, 2, 2, 2.19, -0.38000000000000034, 15.220500000000001, 3, 2, 2, 5, 3, 15
[PH2]-[CH4-],17, 7, 1, 0, 2, 1, 0, 3, 11, 9, 0, -1, 4, -1, 0, 1, 3, 2.19, -0.38000000000000034, 15.220500000000001, 3, 3, 2, 4, 3, 15
[P]#[CH],15, 5, 1, 0, 0, 3, 0, 1, 7, 5, 0, 0, 1, 3, 0, 3, 1, 2.19, -0.3599999999999999, 5.584499999999999, 3, 2, 3, 5, 3, 16
[P+]=[CH3-],14, 4, 1, 1, 0, 4, 1, 0, 10, 8, 0, -1, 3, 0, 1, 2, 4, 2.19, -0.3599999999999999, 5.584499999999999, 3, 2, 3, 4, 3, 15
[PH-]#[C+],17, 7, 1, -1, 1, 1, 0, 3, 5, 3, 0, 1, 0, 5, 0, 3, -1, 2.19, -0.3700000000000001, 10.4025, 3, 2, 3, 4, 3, 15
[PH]=[CH2],16, 6, 1, 0, 1, 2, 1, 2, 8, 6, 0, 0, 2, 2, 1, 2, 2, 2.19, -0.3700000000000001, 10.4025, 3, 2, 3, 5, 3, 16
[PH+]-[CH4-],15, 5, 1, 1, 1, 3, 0, 1, 11, 9, 0, -1, 4, -1, 0, 1, 3, 2.19, -0.3700000000000001, 10.4025, 3, 3, 3, 4, 3, 16
[PH2-]=[CH+],18, 8, 1, -1, 2, 0, 1, 4, 6, 4, 0, 1, 1, 4, 1, 2, 0, 2.19, -0.38000000000000034, 15.220500000000001, 3, 2, 3, 4, 3, 15
[PH2]-[CH3],17, 7, 1, 0, 2, 1, 0, 3, 9, 7, 0, 0, 3, 1, 0, 1, 3, 2.19, -0.38000000000000034, 15.220500000000001, 3, 3, 3, 5, 3, 17
[PH+]-[CH3],15, 5, 1, 1, 1, 3, 0, 1, 9, 7, 0, 0, 3, 1, 0, 1, 3, 2.19, -0.3700000000000001, 10.4025, 3, 3, 0, 5, 3, 14
[P-]#4[N-],16, 6, 1, -1, 0, 2, 1, 2, 8, 6, 1, -1, 0, 2, 1, 4, 2, 2.19, -0.8500000000000001, 6.6575999999999995, 3, 2, 2, 4, 3, 14
[PH-]#[NH-],17, 7, 1, -1, 1, 1, 0, 3, 9, 7, 1, -1, 1, 1, 0, 3, 3, 2.19, -0.8600000000000003, 11.4756, 3, 2, 2, 4, 3, 14
[PH2--]#[N],19, 9, 1, -2, 2, -1, 0, 3, 7, 5, 1, 0, 0, 3, 0, 3, 1, 2.19, -0.8700000000000006, 16.2936, 3, 2, 2, 5, 3, 15
[PH2-]=[NH2-],18, 8, 1, -1, 2, 0, 1, 4, 10, 8, 1, -1, 2, 0, 1, 2, 4, 2.19, -0.8700000000000006, 16.2936, 3, 2, 2, 4, 3, 14
[PH2]-[NH4--],17, 7, 1, 0, 2, 1, 0, 3, 13, 11, 1, -2, 4, -3, 0, 1, 1, 2.19, -0.8700000000000006, 16.2936, 3, 3, 2, 3, 3, 14
[P]#[NH-],15, 5, 1, 0, 0, 3, 0, 1, 9, 7, 1, -1, 1, 1, 0, 3, 3, 2.19, -0.8500000000000001, 6.6575999999999995, 3, 2, 2, 4, 3, 14
[PH-]#[N],17, 7, 1, -1, 1, 1, 0, 3, 7, 5, 1, 0, 0, 3, 0, 3, 1, 2.19, -0.8600000000000003, 11.4756, 3, 2, 2, 5, 3, 15
[PH]=[NH2-],16, 6, 1, 0, 1, 2, 1, 2, 10, 8, 1, -1, 2, 0, 1, 2, 4, 2.19, -0.8600000000000003, 11.4756, 3, 2, 2, 4, 3, 14
[PH2-]=[NH],18, 8, 1, -1, 2, 0, 1, 4, 8, 6, 1, 0, 1, 2, 1, 2, 2, 2.19, -0.8700000000000006, 16.2936, 3, 2, 2, 5, 3, 15
[PH2]-[NH3-],17, 7, 1, 0, 2, 1, 0, 3, 11, 9, 1, -1, 3, -1, 0, 1, 3, 2.19, -0.8700000000000006, 16.2936, 3, 3, 2, 4, 3, 15
[P]#[N],15, 5, 1, 0, 0, 3, 0, 1, 7, 5, 1, 0, 0, 3, 0, 3, 1, 2.19, -0.8500000000000001, 6.6575999999999995, 3, 2, 3, 5, 3, 16
[P+]=[NH2-],14, 4, 1, 1, 0, 4, 1, 0, 10, 8, 1, -1, 2, 0, 1, 2, 4, 2.19, -0.8500000000000001, 6.6575999999999995, 3, 2, 3, 4, 3, 15
[PH]=[NH],16, 6, 1, 0, 1, 2, 1, 2, 8, 6, 1, 0, 1, 2, 1, 2, 2, 2.19, -0.8600000000000003, 11.4756, 3, 2, 3, 5, 3, 16
[PH+]-[NH3-],15, 5, 1, 1, 1, 3, 0, 1, 11, 9, 1, -1, 3, -1, 0, 1, 3, 2.19, -0.8600000000000003, 11.4756, 3, 3, 3, 4, 3, 16
[PH2-]=[N+],18, 8, 1, -1, 2, 0, 1, 4, 6, 4, 1, 1, 0, 4, 1, 2, 0, 2.19, -0.8700000000000006, 16.2936, 3, 2, 3, 4, 3, 15
[PH2]-[NH2],17, 7, 1, 0, 2, 1, 0, 3, 9, 7, 1, 0, 2, 1, 0, 1, 3, 2.19, -0.8700000000000006, 16.2936, 3, 3, 3, 5, 3, 17
[PH+]-[NH2],15, 5, 1, 1, 1, 3, 0, 1, 9, 7, 1, 0, 2, 1, 0, 1, 3, 2.19, -0.8600000000000003, 11.4756, 3, 3, 0, 5, 3, 14
[PH-]#[O-],17, 7, 1, -1, 1, 1, 0, 3, 9, 7, 2, -1, 0, 1, 0, 3, 3, 2.19, -1.2600000000000002, 12.351600000000001, 3, 2, 2, 4, 3, 14
[PH2-]=[OH-],18, 8, 1, -1, 2, 0, 1, 4, 10, 8, 2, -1, 1, 0, 1, 2, 4, 2.19, -1.2700000000000005, 17.169600000000003, 3, 2, 2, 4, 3, 14
[PH2]-[OH3--],17, 7, 1, 0, 2, 1, 0, 3, 13, 11, 2, -2, 3, -3, 0, 1, 1, 2.19, -1.2700000000000005, 17.169600000000003, 3, 3, 2, 3, 3, 14
[P]#[O-],15, 5, 1, 0, 0, 3, 0, 1, 9, 7, 2, -1, 0, 1, 0, 3, 3, 2.19, -1.25, 7.5336, 3, 2, 2, 4, 3, 14
[PH]=[OH-],16, 6, 1, 0, 1, 2, 1, 2, 10, 8, 2, -1, 1, 0, 1, 2, 4, 2.19, -1.2600000000000002, 12.351600000000001, 3, 2, 2, 4, 3, 14
[PH2-]=[O],18, 8, 1, -1, 2, 0, 1, 4, 8, 6, 2, 0, 0, 2, 1, 2, 2, 2.19, -1.2700000000000005, 17.169600000000003, 3, 2, 2, 5, 3, 15
[PH2]-[OH2-],17, 7, 1, 0, 2, 1, 0, 3, 11, 9, 2, -1, 2, -1, 0, 1, 3, 2.19, -1.2700000000000005, 17.169600000000003, 3, 3, 2, 4, 3, 15
[P+]=[OH-],14, 4, 1, 1, 0, 4, 1, 0, 10, 8, 2, -1, 1, 0, 1, 2, 4, 2.19, -1.25, 7.5336, 3, 2, 3, 4, 3, 15
[PH]=[O],16, 6, 1, 0, 1, 2, 1, 2, 8, 6, 2, 0, 0, 2, 1, 2, 2, 2.19, -1.2600000000000002, 12.351600000000001, 3, 2, 3, 5, 3, 16
[PH+]-[OH2-],15, 5, 1, 1, 1, 3, 0, 1, 11, 9, 2, -1, 2, -1, 0, 1, 3, 2.19, -1.2600000000000002, 12.351600000000001, 3, 3, 3, 4, 3, 16
[PH2]-[OH],17, 7, 1, 0, 2, 1, 0, 3, 9, 7, 2, 0, 1, 1, 0, 1, 3, 2.19, -1.2700000000000005, 17.169600000000003, 3, 3, 3, 5, 3, 17
[PH+]-[OH],15, 5, 1, 1, 1, 3, 0, 1, 9, 7, 2, 0, 1, 1, 0, 1, 3, 2.19, -1.2600000000000002, 12.351600000000001, 3, 3, 0, 5, 3, 14
[P-]#4[P-],16, 6, 1, -1, 0, 2, 1, 2, 16, 6, 1, -1, 0, 2, 1, 4, 2, 2.19, 0.0, 4.7961, 3, 2, 2, 4, 3, 14
[PH-]#[PH-],17, 7, 1, -1, 1, 1, 0, 3, 17, 7, 1, -1, 1, 1, 0, 3, 3, 2.19, -0.010000000000000231, 9.6141, 3, 2, 2, 4, 3, 14
[PH2--]#[P],19, 9, 1, -2, 2, -1, 0, 3, 15, 5, 1, 0, 0, 3, 0, 3, 1, 2.19, -0.020000000000000462, 14.432100000000002, 3, 2, 2, 5, 3, 15
[PH2-]=[PH2-],18, 8, 1, -1, 2, 0, 1, 4, 18, 8, 1, -1, 2, 0, 1, 2, 4, 2.19, -0.020000000000000462, 14.432100000000002, 3, 2, 2, 4, 3, 14
[PH2]-[PH4--],17, 7, 1, 0, 2, 1, 0, 3, 21, 11, 1, -2, 4, -3, 0, 1, 1, 2.19, -0.020000000000000462, 14.432100000000002, 3, 3, 2, 3, 3, 14
[P]#[PH-],15, 5, 1, 0, 0, 3, 0, 1, 17, 7, 1, -1, 1, 1, 0, 3, 3, 2.19, 0.0, 4.7961, 3, 2, 2, 4, 3, 14
[PH-]#[P],17, 7, 1, -1, 1, 1, 0, 3, 15, 5, 1, 0, 0, 3, 0, 3, 1, 2.19, -0.010000000000000231, 9.6141, 3, 2, 2, 5, 3, 15
[PH]=[PH2-],16, 6, 1, 0, 1, 2, 1, 2, 18, 8, 1, -1, 2, 0, 1, 2, 4, 2.19, -0.010000000000000231, 9.6141, 3, 2, 2, 4, 3, 14
[PH2-]=[PH],18, 8, 1, -1, 2, 0, 1, 4, 16, 6, 1, 0, 1, 2, 1, 2, 2, 2.19, -0.020000000000000462, 14.432100000000002, 3, 2, 2, 5, 3, 15
[PH2]-[PH3-],17, 7, 1, 0, 2, 1, 0, 3, 19, 9, 1, -1, 3, -1, 0, 1, 3, 2.19, -0.020000000000000462, 14.432100000000002, 3, 3, 2, 4, 3, 15
[P]#[P],15, 5, 1, 0, 0, 3, 0, 1, 15, 5, 1, 0, 0, 3, 0, 3, 1, 2.19, 0.0, 4.7961, 3, 2, 3, 5, 3, 16
[P+]=[PH2-],14, 4, 1, 1, 0, 4, 1, 0, 18, 8, 1, -1, 2, 0, 1, 2, 4, 2.19, 0.0, 4.7961, 3, 2, 3, 4, 3, 15
[PH]=[PH],16, 6, 1, 0, 1, 2, 1, 2, 16, 6, 1, 0, 1, 2, 1, 2, 2, 2.19, -0.010000000000000231, 9.6141, 3, 2, 3, 5, 3, 16
[PH+]-[PH3-],15, 5, 1, 1, 1, 3, 0, 1, 19, 9, 1, -1, 3, -1, 0, 1, 3, 2.19, -0.010000000000000231, 9.6141, 3, 3, 3, 4, 3, 16
[PH2-]=[P+],18, 8, 1, -1, 2, 0, 1, 4, 14, 4, 1, 1, 0, 4, 1, 2, 0, 2.19, -0.020000000000000462, 14.432100000000002, 3, 2, 3, 4, 3, 15
[PH2]-[PH2],17, 7, 1, 0, 2, 1, 0, 3, 17, 7, 1, 0, 2, 1, 0, 1, 3, 2.19, -0.020000000000000462, 14.432100000000002, 3, 3, 3, 5, 3, 17
[PH+]-[PH2],15, 5, 1, 1, 1, 3, 0, 1, 17, 7, 1, 0, 2, 1, 0, 1, 3, 2.19, -0.010000000000000231, 9.6141, 3, 3, 0, 5, 3, 14
[PH-]#[S-],17, 7, 1, -1, 1, 1, 0, 3, 17, 7, 2, -1, 0, 1, 0, 3, 3, 2.19, -0.40000000000000036, 10.4682, 3, 2, 2, 4, 3, 14
[PH2-]=[SH-],18, 8, 1, -1, 2, 0, 1, 4, 18, 8, 2, -1, 1, 0, 1, 2, 4, 2.19, -0.4100000000000006, 15.286200000000001, 3, 2, 2, 4, 3, 14
[PH2]-[SH3--],17, 7, 1, 0, 2, 1, 0, 3, 21, 11, 2, -2, 3, -3, 0, 1, 1, 2.19, -0.4100000000000006, 15.286200000000001, 3, 3, 2, 3, 3, 14
[P]#[S-],15, 5, 1, 0, 0, 3, 0, 1, 17, 7, 2, -1, 0, 1, 0, 3, 3, 2.19, -0.3900000000000001, 5.6502, 3, 2, 2, 4, 3, 14
[PH]=[SH-],16, 6, 1, 0, 1, 2, 1, 2, 18, 8, 2, -1, 1, 0, 1, 2, 4, 2.19, -0.40000000000000036, 10.4682, 3, 2, 2, 4, 3, 14
[PH2-]=[S],18, 8, 1, -1, 2, 0, 1, 4, 16, 6, 2, 0, 0, 2, 1, 2, 2, 2.19, -0.4100000000000006, 15.286200000000001, 3, 2, 2, 5, 3, 15
[PH2]-[SH2-],17, 7, 1, 0, 2, 1, 0, 3, 19, 9, 2, -1, 2, -1, 0, 1, 3, 2.19, -0.4100000000000006, 15.286200000000001, 3, 3, 2, 4, 3, 15
[P+]=[SH-],14, 4, 1, 1, 0, 4, 1, 0, 18, 8, 2, -1, 1, 0, 1, 2, 4, 2.19, -0.3900000000000001, 5.6502, 3, 2, 3, 4, 3, 15
[PH]=[S],16, 6, 1, 0, 1, 2, 1, 2, 16, 6, 2, 0, 0, 2, 1, 2, 2, 2.19, -0.40000000000000036, 10.4682, 3, 2, 3, 5, 3, 16
[PH+]-[SH2-],15, 5, 1, 1, 1, 3, 0, 1, 19, 9, 2, -1, 2, -1, 0, 1, 3, 2.19, -0.40000000000000036, 10.4682, 3, 3, 3, 4, 3, 16
[PH2]-[SH],17, 7, 1, 0, 2, 1, 0, 3, 17, 7, 2, 0, 1, 1, 0, 1, 3, 2.19, -0.4100000000000006, 15.286200000000001, 3, 3, 3, 5, 3, 17
[PH+]-[SH],15, 5, 1, 1, 1, 3, 0, 1, 17, 7, 2, 0, 1, 1, 0, 1, 3, 2.19, -0.40000000000000036, 10.4682, 3, 3, 0, 5, 3, 14
[S--]#4[C],18, 8, 2, -2, 0, 0, 1, 4, 6, 4, 0, 0, 0, 4, 1, 4, 0, 2.58, 0.03000000000000025, 6.579, 3, 2, 2, 5, 3, 15
[S-]#[CH2-],17, 7, 2, -1, 0, 1, 0, 3, 9, 7, 0, -1, 2, 1, 0, 3, 3, 2.58, 0.03000000000000025, 6.579, 3, 2, 2, 4, 3, 14
[SH--]#[CH],19, 9, 2, -2, 1, -1, 0, 3, 7, 5, 0, 0, 1, 3, 0, 3, 1, 2.58, 0.41000000000000014, 12.255, 3, 2, 2, 5, 3, 15
[SH-]=[CH3-],18, 8, 2, -1, 1, 0, 1, 4, 10, 8, 0, -1, 3, 0, 1, 2, 4, 2.58, 0.41000000000000014, 12.255, 3, 2, 2, 4, 3, 14
[SH2--]=[CH2],20, 10, 2, -2, 2, -2, 1, 2, 8, 6, 0, 0, 2, 2, 1, 2, 2, 2.58, 0.79, 17.931, 3, 2, 2, 5, 3, 15
[SH2-]-[CH4-],19, 9, 2, -1, 2, -1, 0, 3, 11, 9, 0, -1, 4, -1, 0, 1, 3, 2.58, 0.79, 17.931, 3, 3, 2, 4, 3, 15
[S-]#[CH],17, 7, 2, -1, 0, 1, 0, 3, 7, 5, 0, 0, 1, 3, 0, 3, 1, 2.58, 0.03000000000000025, 6.579, 3, 2, 2, 5, 3, 15
[S]=[CH3-],16, 6, 2, 0, 0, 2, 1, 2, 10, 8, 0, -1, 3, 0, 1, 2, 4, 2.58, 0.03000000000000025, 6.579, 3, 2, 2, 4, 3, 14
[SH-]=[CH2],18, 8, 2, -1, 1, 0, 1, 4, 8, 6, 0, 0, 2, 2, 1, 2, 2, 2.58, 0.41000000000000014, 12.255, 3, 2, 2, 5, 3, 15
[SH]-[CH4-],17, 7, 2, 0, 1, 1, 0, 3, 11, 9, 0, -1, 4, -1, 0, 1, 3, 2.58, 0.41000000000000014, 12.255, 3, 3, 2, 4, 3, 15
[SH2-]-[CH3],19, 9, 2, -1, 2, -1, 0, 3, 9, 7, 0, 0, 3, 1, 0, 1, 3, 2.58, 0.79, 17.931, 3, 3, 2, 5, 3, 16
[S-]#[C+],17, 7, 2, -1, 0, 1, 0, 3, 5, 3, 0, 1, 0, 5, 0, 3, -1, 2.58, 0.03000000000000025, 6.579, 3, 2, 3, 4, 3, 15
[S]=[CH2],16, 6, 2, 0, 0, 2, 1, 2, 8, 6, 0, 0, 2, 2, 1, 2, 2, 2.58, 0.03000000000000025, 6.579, 3, 2, 3, 5, 3, 16
[S+]-[CH4-],15, 5, 2, 1, 0, 3, 0, 1, 11, 9, 0, -1, 4, -1, 0, 1, 3, 2.58, 0.03000000000000025, 6.579, 3, 3, 3, 4, 3, 16
[SH-]=[CH+],18, 8, 2, -1, 1, 0, 1, 4, 6, 4, 0, 1, 1, 4, 1, 2, 0, 2.58, 0.41000000000000014, 12.255, 3, 2, 3, 4, 3, 15
[SH]-[CH3],17, 7, 2, 0, 1, 1, 0, 3, 9, 7, 0, 0, 3, 1, 0, 1, 3, 2.58, 0.41000000000000014, 12.255, 3, 3, 3, 5, 3, 17
[SH2-]-[CH2+],19, 9, 2, -1, 2, -1, 0, 3, 7, 5, 0, 1, 2, 3, 0, 1, 1, 2.58, 0.79, 17.931, 3, 3, 3, 4, 3, 16
[S+]-[CH3],15, 5, 2, 1, 0, 3, 0, 1, 9, 7, 0, 0, 3, 1, 0, 1, 3, 2.58, 0.03000000000000025, 6.579, 3, 3, 0, 5, 3, 14
[S-]#[NH-],17, 7, 2, -1, 0, 1, 0, 3, 9, 7, 1, -1, 1, 1, 0, 3, 3, 2.58, -0.45999999999999996, 7.8432, 3, 2, 2, 4, 3, 14
[SH--]#[N],19, 9, 2, -2, 1, -1, 0, 3, 7, 5, 1, 0, 0, 3, 0, 3, 1, 2.58, -0.08000000000000007, 13.519200000000001, 3, 2, 2, 5, 3, 15
[SH-]=[NH2-],18, 8, 2, -1, 1, 0, 1, 4, 10, 8, 1, -1, 2, 0, 1, 2, 4, 2.58, -0.08000000000000007, 13.519200000000001, 3, 2, 2, 4, 3, 14
[SH]-[NH4--],17, 7, 2, 0, 1, 1, 0, 3, 13, 11, 1, -2, 4, -3, 0, 1, 1, 2.58, -0.08000000000000007, 13.519200000000001, 3, 3, 2, 3, 3, 14
[SH2--]=[NH],20, 10, 2, -2, 2, -2, 1, 2, 8, 6, 1, 0, 1, 2, 1, 2, 2, 2.58, 0.2999999999999998, 19.195200000000003, 3, 2, 2, 5, 3, 15
[SH2-]-[NH3-],19, 9, 2, -1, 2, -1, 0, 3, 11, 9, 1, -1, 3, -1, 0, 1, 3, 2.58, 0.2999999999999998, 19.195200000000003, 3, 3, 2, 4, 3, 15
[S-]#[N],17, 7, 2, -1, 0, 1, 0, 3, 7, 5, 1, 0, 0, 3, 0, 3, 1, 2.58, -0.45999999999999996, 7.8432, 3, 2, 2, 5, 3, 15
[S]=[NH2-],16, 6, 2, 0, 0, 2, 1, 2, 10, 8, 1, -1, 2, 0, 1, 2, 4, 2.58, -0.45999999999999996, 7.8432, 3, 2, 2, 4, 3, 14
[SH-]=[NH],18, 8, 2, -1, 1, 0, 1, 4, 8, 6, 1, 0, 1, 2, 1, 2, 2, 2.58, -0.08000000000000007, 13.519200000000001, 3, 2, 2, 5, 3, 15
[SH]-[NH3-],17, 7, 2, 0, 1, 1, 0, 3, 11, 9, 1, -1, 3, -1, 0, 1, 3, 2.58, -0.08000000000000007, 13.519200000000001, 3, 3, 2, 4, 3, 15
[SH2-]-[NH2],19, 9, 2, -1, 2, -1, 0, 3, 9, 7, 1, 0, 2, 1, 0, 1, 3, 2.58, 0.2999999999999998, 19.195200000000003, 3, 3, 2, 5, 3, 16
[S]=[NH],16, 6, 2, 0, 0, 2, 1, 2, 8, 6, 1, 0, 1, 2, 1, 2, 2, 2.58, -0.45999999999999996, 7.8432, 3, 2, 3, 5, 3, 16
[S+]-[NH3-],15, 5, 2, 1, 0, 3, 0, 1, 11, 9, 1, -1, 3, -1, 0, 1, 3, 2.58, -0.45999999999999996, 7.8432, 3, 3, 3, 4, 3, 16
[SH-]=[N+],18, 8, 2, -1, 1, 0, 1, 4, 6, 4, 1, 1, 0, 4, 1, 2, 0, 2.58, -0.08000000000000007, 13.519200000000001, 3, 2, 3, 4, 3, 15
[SH]-[NH2],17, 7, 2, 0, 1, 1, 0, 3, 9, 7, 1, 0, 2, 1, 0, 1, 3, 2.58, -0.08000000000000007, 13.519200000000001, 3, 3, 3, 5, 3, 17
[SH2-]-[NH+],19, 9, 2, -1, 2, -1, 0, 3, 7, 5, 1, 1, 1, 3, 0, 1, 1, 2.58, 0.2999999999999998, 19.195200000000003, 3, 3, 3, 4, 3, 16
[S+]-[NH2],15, 5, 2, 1, 0, 3, 0, 1, 9, 7, 1, 0, 2, 1, 0, 1, 3, 2.58, -0.45999999999999996, 7.8432, 3, 3, 0, 5, 3, 14
[S-]#[O-],17, 7, 2, -1, 0, 1, 0, 3, 9, 7, 2, -1, 0, 1, 0, 3, 3, 2.58, -0.8599999999999999, 8.8752, 3, 2, 2, 4, 3, 14
[SH-]=[OH-],18, 8, 2, -1, 1, 0, 1, 4, 10, 8, 2, -1, 1, 0, 1, 2, 4, 2.58, -0.48, 14.551200000000001, 3, 2, 2, 4, 3, 14
[SH]-[OH3--],17, 7, 2, 0, 1, 1, 0, 3, 13, 11, 2, -2, 3, -3, 0, 1, 1, 2.58, -0.48, 14.551200000000001, 3, 3, 2, 3, 3, 14
[SH2--]=[O],20, 10, 2, -2, 2, -2, 1, 2, 8, 6, 2, 0, 0, 2, 1, 2, 2, 2.58, -0.10000000000000009, 20.227200000000003, 3, 2, 2, 5, 3, 15
[SH2-]-[OH2-],19, 9, 2, -1, 2, -1, 0, 3, 11, 9, 2, -1, 2, -1, 0, 1, 3, 2.58, -0.10000000000000009, 20.227200000000003, 3, 3, 2, 4, 3, 15
[S]=[OH-],16, 6, 2, 0, 0, 2, 1, 2, 10, 8, 2, -1, 1, 0, 1, 2, 4, 2.58, -0.8599999999999999, 8.8752, 3, 2, 2, 4, 3, 14
[SH-]=[O],18, 8, 2, -1, 1, 0, 1, 4, 8, 6, 2, 0, 0, 2, 1, 2, 2, 2.58, -0.48, 14.551200000000001, 3, 2, 2, 5, 3, 15
[SH]-[OH2-],17, 7, 2, 0, 1, 1, 0, 3, 11, 9, 2, -1, 2, -1, 0, 1, 3, 2.58, -0.48, 14.551200000000001, 3, 3, 2, 4, 3, 15
[SH2-]-[OH],19, 9, 2, -1, 2, -1, 0, 3, 9, 7, 2, 0, 1, 1, 0, 1, 3, 2.58, -0.10000000000000009, 20.227200000000003, 3, 3, 2, 5, 3, 16
[S]=[O],16, 6, 2, 0, 0, 2, 1, 2, 8, 6, 2, 0, 0, 2, 1, 2, 2, 2.58, -0.8599999999999999, 8.8752, 3, 2, 3, 5, 3, 16
[S+]-[OH2-],15, 5, 2, 1, 0, 3, 0, 1, 11, 9, 2, -1, 2, -1, 0, 1, 3, 2.58, -0.8599999999999999, 8.8752, 3, 3, 3, 4, 3, 16
[SH]-[OH],17, 7, 2, 0, 1, 1, 0, 3, 9, 7, 2, 0, 1, 1, 0, 1, 3, 2.58, -0.48, 14.551200000000001, 3, 3, 3, 5, 3, 17
[SH2-]-[O+],19, 9, 2, -1, 2, -1, 0, 3, 7, 5, 2, 1, 0, 3, 0, 1, 1, 2.58, -0.10000000000000009, 20.227200000000003, 3, 3, 3, 4, 3, 16
[S+]-[OH],15, 5, 2, 1, 0, 3, 0, 1, 9, 7, 2, 0, 1, 1, 0, 1, 3, 2.58, -0.8599999999999999, 8.8752, 3, 3, 0, 5, 3, 14
[S-]#[PH-],17, 7, 2, -1, 0, 1, 0, 3, 17, 7, 1, -1, 1, 1, 0, 3, 3, 2.58, 0.3900000000000001, 5.6502, 3, 2, 2, 4, 3, 14
[SH--]#[P],19, 9, 2, -2, 1, -1, 0, 3, 15, 5, 1, 0, 0, 3, 0, 3, 1, 2.58, 0.77, 11.3262, 3, 2, 2, 5, 3, 15
[SH-]=[PH2-],18, 8, 2, -1, 1, 0, 1, 4, 18, 8, 1, -1, 2, 0, 1, 2, 4, 2.58, 0.77, 11.3262, 3, 2, 2, 4, 3, 14
[SH]-[PH4--],17, 7, 2, 0, 1, 1, 0, 3, 21, 11, 1, -2, 4, -3, 0, 1, 1, 2.58, 0.77, 11.3262, 3, 3, 2, 3, 3, 14
[SH2--]=[PH],20, 10, 2, -2, 2, -2, 1, 2, 16, 6, 1, 0, 1, 2, 1, 2, 2, 2.58, 1.15, 17.002200000000002, 3, 2, 2, 5, 3, 15
[SH2-]-[PH3-],19, 9, 2, -1, 2, -1, 0, 3, 19, 9, 1, -1, 3, -1, 0, 1, 3, 2.58, 1.15, 17.002200000000002, 3, 3, 2, 4, 3, 15
[S-]#[P],17, 7, 2, -1, 0, 1, 0, 3, 15, 5, 1, 0, 0, 3, 0, 3, 1, 2.58, 0.3900000000000001, 5.6502, 3, 2, 2, 5, 3, 15
[S]=[PH2-],16, 6, 2, 0, 0, 2, 1, 2, 18, 8, 1, -1, 2, 0, 1, 2, 4, 2.58, 0.3900000000000001, 5.6502, 3, 2, 2, 4, 3, 14
[SH-]=[PH],18, 8, 2, -1, 1, 0, 1, 4, 16, 6, 1, 0, 1, 2, 1, 2, 2, 2.58, 0.77, 11.3262, 3, 2, 2, 5, 3, 15
[SH]-[PH3-],17, 7, 2, 0, 1, 1, 0, 3, 19, 9, 1, -1, 3, -1, 0, 1, 3, 2.58, 0.77, 11.3262, 3, 3, 2, 4, 3, 15
[SH2-]-[PH2],19, 9, 2, -1, 2, -1, 0, 3, 17, 7, 1, 0, 2, 1, 0, 1, 3, 2.58, 1.15, 17.002200000000002, 3, 3, 2, 5, 3, 16
[S]=[PH],16, 6, 2, 0, 0, 2, 1, 2, 16, 6, 1, 0, 1, 2, 1, 2, 2, 2.58, 0.3900000000000001, 5.6502, 3, 2, 3, 5, 3, 16
[S+]-[PH3-],15, 5, 2, 1, 0, 3, 0, 1, 19, 9, 1, -1, 3, -1, 0, 1, 3, 2.58, 0.3900000000000001, 5.6502, 3, 3, 3, 4, 3, 16
[SH-]=[P+],18, 8, 2, -1, 1, 0, 1, 4, 14, 4, 1, 1, 0, 4, 1, 2, 0, 2.58, 0.77, 11.3262, 3, 2, 3, 4, 3, 15
[SH]-[PH2],17, 7, 2, 0, 1, 1, 0, 3, 17, 7, 1, 0, 2, 1, 0, 1, 3, 2.58, 0.77, 11.3262, 3, 3, 3, 5, 3, 17
[SH2-]-[PH+],19, 9, 2, -1, 2, -1, 0, 3, 15, 5, 1, 1, 1, 3, 0, 1, 1, 2.58, 1.15, 17.002200000000002, 3, 3, 3, 4, 3, 16
[S+]-[PH2],15, 5, 2, 1, 0, 3, 0, 1, 17, 7, 1, 0, 2, 1, 0, 1, 3, 2.58, 0.3900000000000001, 5.6502, 3, 3, 0, 5, 3, 14
[S-]#[S-],17, 7, 2, -1, 0, 1, 0, 3, 17, 7, 2, -1, 0, 1, 0, 3, 3, 2.58, 0.0, 6.6564000000000005, 3, 2, 2, 4, 3, 14
[SH-]=[SH-],18, 8, 2, -1, 1, 0, 1, 4, 18, 8, 2, -1, 1, 0, 1, 2, 4, 2.58, 0.3799999999999999, 12.332400000000002, 3, 2, 2, 4, 3, 14
[SH]-[SH3--],17, 7, 2, 0, 1, 1, 0, 3, 21, 11, 2, -2, 3, -3, 0, 1, 1, 2.58, 0.3799999999999999, 12.332400000000002, 3, 3, 2, 3, 3, 14
[SH2--]=[S],20, 10, 2, -2, 2, -2, 1, 2, 16, 6, 2, 0, 0, 2, 1, 2, 2, 2.58, 0.7599999999999998, 18.0084, 3, 2, 2, 5, 3, 15
[SH2-]-[SH2-],19, 9, 2, -1, 2, -1, 0, 3, 19, 9, 2, -1, 2, -1, 0, 1, 3, 2.58, 0.7599999999999998, 18.0084, 3, 3, 2, 4, 3, 15
[S]=[SH-],16, 6, 2, 0, 0, 2, 1, 2, 18, 8, 2, -1, 1, 0, 1, 2, 4, 2.58, 0.0, 6.6564000000000005, 3, 2, 2, 4, 3, 14
[SH-]=[S],18, 8, 2, -1, 1, 0, 1, 4, 16, 6, 2, 0, 0, 2, 1, 2, 2, 2.58, 0.3799999999999999, 12.332400000000002, 3, 2, 2, 5, 3, 15
[SH]-[SH2-],17, 7, 2, 0, 1, 1, 0, 3, 19, 9, 2, -1, 2, -1, 0, 1, 3, 2.58, 0.3799999999999999, 12.332400000000002, 3, 3, 2, 4, 3, 15
[SH2-]-[SH],19, 9, 2, -1, 2, -1, 0, 3, 17, 7, 2, 0, 1, 1, 0, 1, 3, 2.58, 0.7599999999999998, 18.0084, 3, 3, 2, 5, 3, 16
[S]=[S],16, 6, 2, 0, 0, 2, 1, 2, 16, 6, 2, 0, 0, 2, 1, 2, 2, 2.58, 0.0, 6.6564000000000005, 3, 2, 3, 5, 3, 16
[S+]-[SH2-],15, 5, 2, 1, 0, 3, 0, 1, 19, 9, 2, -1, 2, -1, 0, 1, 3, 2.58, 0.0, 6.6564000000000005, 3, 3, 3, 4, 3, 16
[SH]-[SH],17, 7, 2, 0, 1, 1, 0, 3, 17, 7, 2, 0, 1, 1, 0, 1, 3, 2.58, 0.3799999999999999, 12.332400000000002, 3, 3, 3, 5, 3, 17
[SH2-]-[S+],19, 9, 2, -1, 2, -1, 0, 3, 15, 5, 2, 1, 0, 3, 0, 1, 1, 2.58, 0.7599999999999998, 18.0084, 3, 3, 3, 4, 3, 16
[S+]-[SH],15, 5, 2, 1, 0, 3, 0, 1, 17, 7, 2, 0, 1, 1, 0, 1, 3, 2.58, 0.0, 6.6564000000000005, 3, 3, 0, 5, 3, 14
